Treatment,CLA_10,CLA_15,CLA_20,CLA_25,CLA_30,CLA_35,CLA_40,CLA_45,CLA_5,CLA_50,CLA_55,CLA_60,CLA_65,CLA_70,CLA_75,CLA_80,CLA_85,CLA_90,CLA_95
chromium,0.7052055904395382,0.5292955126714718,0.5465312164990557,0.5465312164990557,0.5465312164990557,0.5465312164990557,0.5465312164990557,0.45961037349547096,0.7052055904395382,0.45961037349547096,0.3950552340873224,0.3950552340873224,0.45961037349547096,0.28064692554105786,0.3975864529942256,0.30190102595051294,0.30190102595051294,0.17924032907404167,0.11669608845117532
firefox,0.7484514520151234,0.6350571903411869,0.6350571903411869,0.6350571903411869,0.6350571903411869,0.6350571903411869,0.6350571903411869,0.5590564080161634,0.5019249807501924,0.5590564080161634,0.5590564080161634,0.5590564080161634,0.4592937714565964,0.4592937714565964,0.4278363453815261,0.3816905140434552,0.31016721936075636,0.20012372409526757,0.1308776790807595
eclipse,0.43232152555669545,0.6799473304166844,0.6112736493075873,0.6112736493075873,0.6112736493075873,0.6112736493075873,0.45942001396027665,0.45942001396027665,0.6799473304166844,0.45942001396027665,0.45942001396027665,0.45942001396027665,0.45942001396027665,0.35700575815738966,0.2891969407265775,0.35700575815738966,0.2891969407265775,0.2554429117500415,0.1791205826814135
