Treatment,CLA_10,CLA_15,CLA_20,CLA_25,CLA_30,CLA_35,CLA_40,CLA_45,CLA_5,CLA_50,CLA_55,CLA_60,CLA_65,CLA_70,CLA_75,CLA_80,CLA_85,CLA_90,CLA_95
chromium,0.5454030007139647,0.553499534474333,0.487202969560954,0.4872072743594944,0.4872038014698744,0.48720395992871635,0.48720355057670794,0.5340623390817456,0.5454030007139647,0.534062933302403,0.4872033789129624,0.4872033789129624,0.5340623390817456,0.5340560139329699,0.4917583971697989,0.48720366942083937,0.48720360339632185,0.5340560535476804,0.48720364301103236
firefox,0.605610696276424,0.6056319793814398,0.6056320932709649,0.6056324634119217,0.6056324634119217,0.605631609240483,0.60563176583858,0.6056319224366772,0.5185797093567802,0.6056319224366772,0.6056319224366772,0.605632050562393,0.605632050562393,0.6056319793814398,0.5870576513047256,0.6056319224366772,0.6056319224366772,0.6056319224366772,0.6056319224366772
eclipse,0.47046071694448205,0.5462486766792102,0.5422295577036275,0.5422296366489392,0.5422308997739261,0.5422293208676924,0.5422297550669066,0.5422290445591015,0.5462486766792102,0.5422294787583157,0.5422292813950366,0.5422292813950366,0.5422290445591015,0.5422288340382703,0.5316678986521136,0.5422290445591015,0.5316678986521136,0.5422288340382703,0.5316678986521136
