Treatment,CLA_10,CLA_15,CLA_20,CLA_25,CLA_30,CLA_35,CLA_40,CLA_45,CLA_5,CLA_50,CLA_55,CLA_60,CLA_65,CLA_70,CLA_75,CLA_80,CLA_85,CLA_90,CLA_95
chromium,0.5203497917029013,0.5239735931396751,0.49430094626426807,0.49430287298199665,0.4943013186054242,0.49430138952754915,0.4943012063120597,0.5152740016014676,0.5203497917029013,0.5152742675594364,0.49430112947975763,0.49430112947975763,0.5152740016014676,0.5152711706266456,0.4963398391538208,0.4943012595036534,0.494301229952768,0.5152711883571769,0.49430124768329925
firefox,0.5376540021303635,0.5376615845633543,0.5376616251382467,0.5376617570066464,0.5376617570066464,0.5376614526949545,0.5376615084854314,0.5376615642759083,0.5066478765693123,0.5376615642759083,0.5376615642759083,0.537661609922662,0.537661609922662,0.5376615845633543,0.5310441949537155,0.5376615642759083,0.5376615642759083,0.5376615642759083,0.5376615642759083
eclipse,0.4865324205867131,0.5211590434104912,0.5193227554652992,0.5193227915344788,0.5193233686413524,0.5193226472577603,0.5193228456382482,0.5193225210156317,0.5211590434104912,0.5193227193961195,0.5193226292231705,0.5193226292231705,0.5193225210156317,0.5193224248311528,0.5144972583065144,0.5193225210156317,0.5144972583065144,0.5193224248311528,0.5144972583065144
