Treatment,CLA_10,CLA_15,CLA_20,CLA_25,CLA_30,CLA_35,CLA_40,CLA_45,CLA_5
chromium,0.5981798557666208,0.5871685457444311,0.5867124632892287,0.5923505417280117,0.5916057766732749,0.591238884700413,0.591474848520391,0.5405856706527338,0.5390636818507234
firefox,0.6065864279237361,0.5984580851168572,0.5993989661497198,0.5950321948076097,0.5942895271952873,0.5931922147371835,0.5609169978397817,0.558993012526798,0.5718654072395931
eclipse,0.6154495537806621,0.6137965573831767,0.6111571530849057,0.6130679900127963,0.6110084639035023,0.6093727807122086,0.6065357834365579,0.6057249362559874,0.563733894698017
