Treatment,CLA_10,CLA_15,CLA_20,CLA_25,CLA_30,CLA_35,CLA_40,CLA_45,CLA_5
chromium,0.7192960112053625,0.6946938234486466,0.693674814250582,0.7062717771967285,0.7046077744872925,0.7037880404879279,0.7043152462600982,0.5906153226214099,0.5872147958725287
firefox,0.7990968845378031,0.7762814671419377,0.7789224228686742,0.7666653474463305,0.7645807562862378,0.7615007137314124,0.6709075187159624,0.6655070909753809,0.7016385713071549
eclipse,0.7526241421605051,0.7490061969438075,0.7432292816581801,0.747411567435474,0.742903842768311,0.7393237913012226,0.733114400440625,0.7313396835187678,0.6394330779277049
