Treatment,CLA_10,CLA_15,CLA_20,CLA_25,CLA_30,CLA_35,CLA_40,CLA_45,CLA_5
chromium,0.31269196919789266,0.5771461370939505,0.5774128546048423,0.5933803726353828,0.5983077199375916,0.6377865280373053,0.6379390634858596,0.5386790188574031,0.21367988279738445
firefox,0.3610007174740962,0.5764720248412016,0.5828370107918561,0.6586198126127806,0.6587034015080929,0.6651675395936617,0.6178388649339634,0.615598624360616,0.21200575804424543
eclipse,0.3496113946041012,0.5281978837132855,0.5271209462387372,0.6508193178294961,0.6164255394831933,0.6367945350472535,0.6525898467370929,0.6530798708154817,0.23414555942244492
