Treatment,CLA_10,CLA_15,CLA_20,CLA_25,CLA_30,CLA_35,CLA_40,CLA_45,CLA_5
chromium,0.9630740587505172,0.8135084815887463,0.813301613570542,0.7846503930492346,0.7810302027306578,0.6811129499379396,0.680802647910633,0.46793545717832025,0.9655564749689698
firefox,0.9660926682052192,0.9020947985087875,0.899343156399787,0.8099591691816084,0.809870406532931,0.7638025918693414,0.6162790697674418,0.6037635363039233,0.9701757500443813
eclipse,0.9623356128353499,0.8829037348763809,0.892898474487112,0.7973698053655971,0.8351394003156234,0.7991583377169911,0.6995265649658075,0.6782745923198317,0.9673855865334035
