Treatment,CLA_10,CLA_15,CLA_20,CLA_25,CLA_30,CLA_35,CLA_40,CLA_45,CLA_5
chromium,0.5937380436168856,0.6449364493644937,0.6450369155045119,0.6493751070022257,0.6517348524080787,0.6773994445015945,0.6775787523162446,0.6125101543460602,0.5752757749429962
firefox,0.6917063870352717,0.738751181216835,0.7406974194020031,0.7668067226890757,0.7668515716927214,0.7705740127160383,0.7452769428939459,0.7456698092523569,0.6655300493210741
eclipse,0.5926141885325559,0.6274392523364486,0.6289928110872304,0.6779676178549066,0.6599600931160625,0.668661971830986,0.6815991799077397,0.6852678571428571,0.5701971970730497
