Treatment,CLA_10,CLA_15,CLA_20,CLA_25,CLA_30,CLA_35,CLA_40,CLA_45,CLA_5
chromium,0.6155648248671505,0.6495628821210216,0.649620021713045,0.6469916004799726,0.6484772298725787,0.6446488772070167,0.64470601679904,0.5425404262613565,0.5871664476315639
firefox,0.7009885149420033,0.7316153362664991,0.7325295697388721,0.7191017656133936,0.7191017656133936,0.7015599108622365,0.6173932918118965,0.6123650077138449,0.6669333180961088
eclipse,0.6202502714130621,0.6516770470258842,0.6557910976515627,0.6842466144791726,0.6767613279241186,0.6758470944517456,0.6593337523570082,0.6560767956116793,0.5862522141591909
